/about/basicinfo/rule/pdf/2009A006.pdf	国立大学法人電気通信大学組織規則
/about/basicinfo/rule/pdf/2004A001.pdf	電気通信大学学則
/about/basicinfo/rule/pdf/2004B001.pdf	国立大学法人電気通信大学役員会規程
/about/basicinfo/rule/pdf/2004B002.pdf	国立大学法人電気通信大学経営協議会規程
/about/basicinfo/rule/pdf/2004B003.pdf	国立大学法人電気通信大学教育研究評議会規程
/about/basicinfo/rule/pdf/2004B004.pdf	国立大学法人電気通信大学学長選考・監察会議規程
/about/basicinfo/rule/pdf/2005B007.pdf	国立大学法人電気通信大学学長選考等規程
/about/basicinfo/rule/pdf/99992C001.pdf	国立大学法人電気通信大学学長選考等実施細則
/about/basicinfo/rule/pdf/2004B022.pdf	国立大学法人電気通信大学学長任期規程
/about/basicinfo/rule/pdf/2004B023.pdf	国立大学法人電気通信大学理事規程
/about/basicinfo/rule/pdf/99992D003.pdf	国立大学法人電気通信大学監事会要項
/about/basicinfo/rule/pdf/2004B017.pdf	国立大学法人電気通信大学監事監査規程
/about/basicinfo/rule/pdf/2004C004.pdf	国立大学法人電気通信大学監事監査実施細則
/about/basicinfo/rule/pdf/2004B048.pdf	電気通信大学副学長規程
/about/basicinfo/rule/pdf/2004B049.pdf	電気通信大学学長補佐規程
/about/basicinfo/rule/pdf/2009B034.pdf	国立大学法人電気通信大学学長特別補佐設置規程
/about/basicinfo/rule/pdf/2009B053.pdf	国立大学法人電気通信大学学長顧問規程
/about/basicinfo/rule/pdf/2009B016.pdf	国立大学法人電気通信大学学術院規程
/about/basicinfo/rule/pdf/99992C003.pdf	国立大学法人電気通信大学学術院幹事会細則
/about/basicinfo/rule/pdf/2009B017.pdf	国立大学法人電気通信大学学術院教育研究技師部運営委員会規程
/about/basicinfo/rule/pdf/99992C004.pdf	電気通信大学学術院教育研究技師部共通業務企画専門委員会細則
/about/basicinfo/rule/pdf/2005B001.pdf	電気通信大学評価室規程
/about/basicinfo/rule/pdf/2006B028.pdf	電気通信大学評価規程
/about/basicinfo/rule/pdf/2020B044.pdf	国立大学法人電気通信大学における内部質保証に関する規程
/about/basicinfo/rule/pdf/2008B010.pdf	国立大学法人電気通信大学内部監査室規程
/about/basicinfo/rule/pdf/2010B091.pdf	電気通信大学研究活性化推進室規程
/about/basicinfo/rule/pdf/2016B060.pdf	電気通信大学研究戦略推進室規程
/about/basicinfo/rule/pdf/2016B061.pdf	電気通信大学国際戦略推進室規程
/about/basicinfo/rule/pdf/2016B062.pdf	電気通信大学男女共同参画・ダイバーシティ戦略推進室規程
/about/basicinfo/rule/pdf/2016B064.pdf	電気通信大学ＩＲ室規程
/about/basicinfo/rule/pdf/2016B063.pdf	電気通信大学ＩＲ推進規程
/about/basicinfo/rule/pdf/2004D002.pdf	国立大学法人電気通信大学企画調査室設置要項
/about/basicinfo/rule/pdf/2020B031.pdf	電気通信大学D.C.&I.戦略推進会議規程
/about/basicinfo/rule/pdf/2011B061.pdf	電気通信大学総合コミュニケーション科学推進室規程
/about/basicinfo/rule/pdf/2008D002.pdf	国立大学法人電気通信大学部局長等連絡協議会要項
/about/basicinfo/rule/pdf/99992G001.pdf	教育研究センター等の運営に関する申合せ
/about/basicinfo/rule/pdf/2009B018.pdf	国立大学法人電気通信大学教員系人事調整委員会規程
/about/basicinfo/rule/pdf/2009B019.pdf	国立大学法人電気通信大学事務系人事調整委員会規程
/about/basicinfo/rule/pdf/2010B001.pdf	電気通信大学施設活用調整委員会規程
/about/basicinfo/rule/pdf/2004B006.pdf	電気通信大学安全・衛生委員会規程
/about/basicinfo/rule/pdf/2013B006.pdf	電気通信大学放射線安全管理委員会規程
/about/basicinfo/rule/pdf/2016B065.pdf	電気通信大学情報セキュリティ委員会規程
/about/basicinfo/rule/pdf/99992B025.pdf	国立大学法人電気通信大学情報公開・個人情報保護委員会規程
/about/basicinfo/rule/pdf/2020B022.pdf	電気通信大学大学入学共通テスト実施委員会規程
/about/basicinfo/rule/pdf/2018B061.pdf	電気通信大学入試問題検証委員会規程
/about/basicinfo/rule/pdf/2004B014.pdf	電気通信大学利益相反マネジメント委員会規程
/about/basicinfo/rule/pdf/2019B037.pdf	国立大学法人電気通信大学基金に関する規程
/about/basicinfo/rule/pdf/2019B038.pdf	国立大学法人電気通信大学UEC基金規程
/about/basicinfo/rule/pdf/2019B039.pdf	国立大学法人電気通信大学学資支援基金規程
/about/basicinfo/rule/pdf/2019B040.pdf	国立大学法人電気通信大学現物資産活用基金規程
/about/basicinfo/rule/pdf/2019B041.pdf	国立大学法人電気通信大学基金運営委員会規程
/about/basicinfo/rule/pdf/99992C007.pdf	電気通信大学男女共同参画推進本部ワーキンググループ設置細則
/about/basicinfo/rule/pdf/2012B116.pdf	電気通信大学オープンキャンパス実施本部規程
/about/basicinfo/rule/pdf/2021B021.pdf	電気通信大学カーボンニュートラル推進本部規程
/about/basicinfo/rule/pdf/2016B103.pdf	電気通信大学100周年キャンパス運営本部規程
/about/basicinfo/rule/pdf/2013B014.pdf	電気通信大学100周年キャンパスマネジメント推進室規程
/about/basicinfo/rule/pdf/2016B001.pdf	電気通信大学100周年キャンパス基本規程
/about/basicinfo/rule/pdf/2011B062.pdf	電気通信大学保育施設規程
/about/basicinfo/rule/pdf/2011B063.pdf	電気通信大学保育施設運営委員会規程
/about/basicinfo/rule/pdf/2011C020.pdf	電気通信大学保育施設保護者連絡会細則
/about/basicinfo/rule/pdf/2016D006.pdf	電気通信大学託児室使用要項
/about/basicinfo/rule/pdf/2015D002.pdf	電気通信大学職員病児・病後児等保育支援事業実施要項
/about/basicinfo/rule/pdf/2019B008.pdf	電気通信大学UEC国際アンバサダー規程
/about/basicinfo/rule/pdf/99993B001.pdf	国立大学法人電気通信大学事務組織規程
/about/basicinfo/rule/pdf/2012C025.pdf	国立大学法人電気通信大学事務分掌細則
/about/basicinfo/rule/pdf/99993D001.pdf	電気通信大学事務連絡会議要項
/about/basicinfo/rule/pdf/2014B103.pdf	国立大学法人電気通信大学における内部統制に関する規程
/about/basicinfo/rule/pdf/2007B001.pdf	国立大学法人電気通信大学コンプライアンス規程
/about/basicinfo/rule/pdf/2006B024.pdf	国立大学法人電気通信大学公益通報者保護規程
/about/basicinfo/rule/pdf/2009B088.pdf	国立大学法人電気通信大学危機管理規程
/about/basicinfo/rule/pdf/2011C007.pdf	国立大学法人電気通信大学防災対策検討専門委員会設置細則
/about/basicinfo/rule/pdf/2015B035.pdf	国立大学法人電気通信大学における障害を理由とする差別の解消の推進に関する規程
/about/basicinfo/rule/pdf/2010B089.pdf	国立大学法人電気通信大学情報システム運用基本規程
/about/basicinfo/rule/pdf/2021B011.pdf	国立大学法人電気通信大学情報セキュリティ監査規程	
/about/basicinfo/rule/pdf/2016C031.pdf	国立大学法人電気通信大学情報の格付け及び取扱制限に関する細則
/about/basicinfo/rule/pdf/2022D005.pdf	電気通信大学におけるUECアカウントの取扱いに関する要項
/about/basicinfo/rule/pdf/99994A001.pdf	国立大学法人電気通信大学規則等の制定に関する規則
/about/basicinfo/rule/pdf/99994B005.pdf	国立大学法人電気通信大学規則等の制定に関する規程
/about/basicinfo/rule/pdf/2010B124.pdf	国立大学法人電気通信大学法人文書管理規程
/about/basicinfo/rule/pdf/99994C005.pdf	国立大学法人電気通信大学文書処理細則
/about/basicinfo/rule/pdf/99994B007.pdf	国立大学法人電気通信大学公印管理規程
/about/basicinfo/rule/pdf/99994D002.pdf	国立大学法人電気通信大学職員証取扱要項
/about/basicinfo/rule/pdf/99994B008.pdf	国立大学法人電気通信大学個人情報保護規程
/about/basicinfo/rule/pdf/2021B067.pdf	国立大学法人電気通信大学保有個人情報開示等請求取扱規程
/about/basicinfo/rule/pdf/2021B068.pdf	国立大学法人電気通信大学における行政機関等匿名加工情報取扱規程
/about/basicinfo/rule/pdf/2021E001.pdf	国立大学法人電気通信大学における仮名加工情報及び行政機関等匿名加工情報の作成の方法に関する基準
/about/basicinfo/rule/pdf/2021B069.pdf	国立大学法人電気通信大学個人番号関係事務実施規程
/about/basicinfo/rule/pdf/2015D004.pdf	国立大学法人電気通信大学特定個人情報取扱要項
/about/basicinfo/rule/pdf/99994E003.pdf	国立大学法人電気通信大学の保有する個人情報の開示決定等に係る審査基準
/about/basicinfo/rule/pdf/99994B009.pdf	国立大学法人電気通信大学情報公開取扱規程
/about/basicinfo/rule/pdf/99994E001.pdf	国立大学法人電気通信大学情報公開に関する開示・不開示の審査基準
/about/basicinfo/rule/pdf/2012D012.pdf	国立大学法人電気通信大学名義使用許可に関する取扱要項
/about/basicinfo/rule/pdf/2021B007.pdf	国立大学法人電気通信大学コミュニケーションマーク等に関する規程
/about/basicinfo/rule/pdf/2010B104.pdf	国立大学法人電気通信大学校章規程
/about/basicinfo/rule/pdf/2010C024.pdf	国立大学法人電気通信大学校章使用細則
/about/basicinfo/rule/pdf/2012B117.pdf	国立大学法人電気通信大学印刷物等広告掲載規程
/about/basicinfo/rule/pdf/2012C026.pdf	国立大学法人電気通信大学「ウェブサイト」広告掲載細則
/about/basicinfo/rule/pdf/2012C027.pdf	国立大学法人電気通信大学「調布電通大どおり」広告掲載細則
/about/basicinfo/rule/pdf/2012C028.pdf	国立大学法人電気通信大学「電気通信大学広報誌」広告掲載細則
/about/basicinfo/rule/pdf/2012C029.pdf	国立大学法人電気通信大学「うちわ」広告掲載細則
/about/basicinfo/rule/pdf/99994D003.pdf	電気通信大学感謝状贈呈要項
/about/basicinfo/rule/pdf/99994D004.pdf	国立大学法人電気通信大学慶弔等の取扱要項
/about/basicinfo/rule/pdf/99994B010.pdf	国立大学法人電気通信大学自動車運行管理規程
/about/basicinfo/rule/pdf/99994E002.pdf	国立大学法人電気通信大学における運転従事者の選任に関する基準
/about/basicinfo/rule/pdf/2021C015.pdf	国立大学法人電気通信大学構内ロケーション撮影取扱細則
/about/basicinfo/rule/pdf/2004A005.pdf	国立大学法人電気通信大学就業規則
/about/basicinfo/rule/pdf/2004B029.pdf	国立大学法人電気通信大学職員出向規程
/about/basicinfo/rule/pdf/2004B031.pdf	国立大学法人電気通信大学職員の休職及び復職に関する規程
/about/basicinfo/rule/pdf/2004B032.pdf	国立大学法人電気通信大学職員退職規程
/about/basicinfo/rule/pdf/2013C005.pdf	国立大学法人電気通信大学早期退職にかかる細則
/about/basicinfo/rule/pdf/2014B104.pdf	国立大学法人電気通信大学における準用独立行政法人通則法第50条の6第2号に規定する管理又は監督の地位を定める規程
/about/basicinfo/rule/pdf/2004B030.pdf	国立大学法人電気通信大学職員兼業規程
/about/basicinfo/rule/pdf/2004B037.pdf	国立大学法人電気通信大学職員の勤務時間、休暇等に関する規程
/about/basicinfo/rule/pdf/2004D009.pdf	国立大学法人電気通信大学勤務時間管理員の指定に関する要項
/about/basicinfo/rule/pdf/2004D010.pdf	電気通信大学職員の休暇承認専決要項
/about/basicinfo/rule/pdf/2004B038.pdf	国立大学法人電気通信大学職員育児休業等規程
/about/basicinfo/rule/pdf/2004B039.pdf	国立大学法人電気通信大学職員介護休業規程
/about/basicinfo/rule/pdf/2010B081.pdf	国立大学法人電気通信大学職員自己啓発等休業規程
/about/basicinfo/rule/pdf/2014C025.pdf	国立大学法人電気通信大学在宅勤務細則
/about/basicinfo/rule/pdf/2004B040.pdf	国立大学法人電気通信大学職員給与規程
/about/basicinfo/rule/pdf/2004C005.pdf	国立大学法人電気通信大学職員の初任給、昇格、昇給等に関する細則
/about/basicinfo/rule/pdf/2005C004.pdf	職務の級における最高の号給を超える本給月額の切替等に関する細則
/about/basicinfo/rule/pdf/2005C015.pdf	平成18年改正国立大学法人電気通信大学職員給与規程附則第9項から第11項までの規定による本給支給細則
/about/basicinfo/rule/pdf/2014C019.pdf	平成27年改正国立大学法人電気通信大学職員給与規程附則第3項から第5項までの規定による本給支給細則
/about/basicinfo/rule/pdf/2004C006.pdf	国立大学法人電気通信大学本給の調整額支給細則
/about/basicinfo/rule/pdf/2004C007.pdf	国立大学法人電気通信大学管理職手当支給細則
/about/basicinfo/rule/pdf/2004C009.pdf	国立大学法人電気通信大学単身赴任手当支給細則
/about/basicinfo/rule/pdf/2004C010.pdf	国立大学法人電気通信大学特殊勤務手当支給細則
/about/basicinfo/rule/pdf/2004C011.pdf	国立大学法人電気通信大学超過勤務手当、休日給支給細則
/about/basicinfo/rule/pdf/2004C012.pdf	国立大学法人電気通信大学管理職員特別勤務手当支給細則
/about/basicinfo/rule/pdf/2004C013.pdf	国立大学法人電気通信大学初任給調整手当支給細則
/about/basicinfo/rule/pdf/2004C014.pdf	国立大学法人電気通信大学期末手当及び勤勉手当支給細則
/about/basicinfo/rule/pdf/2020C020.pdf	国立大学法人電気通信大学外部資金獲得貢献手当支給細則	
/about/basicinfo/rule/pdf/2014C015.pdf	国立大学法人電気通信大学教育研究職員の業績評価に関する細則
/about/basicinfo/rule/pdf/2014D001.pdf	国立大学法人電気通信大学教育研究職員の業績評価実施要項
/about/basicinfo/rule/pdf/2014B020.pdf	国立大学法人電気通信大学年俸制適用職員給与規程
/about/basicinfo/rule/pdf/2019C001.pdf	国立大学法人電気通信大学年俸制適用職員給与規程の適用を受ける新年俸制適用職員の基本年俸の決定に関する細則
/about/basicinfo/rule/pdf/2014C014.pdf	国立大学法人電気通信大学年俸制適用職員給与規程の適用を受ける改正前年俸制適用職員の基本年俸の決定に関する細則
/about/basicinfo/rule/pdf/2004B041.pdf	国立大学法人電気通信大学職員退職手当規程
/about/basicinfo/rule/pdf/2014B021.pdf	国立大学法人電気通信大学年俸制適用職員退職手当規程
/about/basicinfo/rule/pdf/2023B005.pdf	国立大学法人電気通信大学職員表彰規程
/about/basicinfo/rule/pdf/99995B016.pdf	国立大学法人電気通信大学永年勤続者表彰規程
/about/basicinfo/rule/pdf/99995D003.pdf	国立大学法人電気通信大学永年勤続者表彰の実施に関する取扱要項
/about/basicinfo/rule/pdf/2004B033.pdf	国立大学法人電気通信大学職員解雇規程
/about/basicinfo/rule/pdf/2004B034.pdf	国立大学法人電気通信大学職員懲戒規程
/about/basicinfo/rule/pdf/2011H002.pdf	国立大学法人電気通信大学懲戒処分の指針
/about/basicinfo/rule/pdf/2006E007.pdf	国立大学法人電気通信大学における懲戒処分の公表基準
/about/basicinfo/rule/pdf/2004B043.pdf	国立大学法人電気通信大学倫理規程
/about/basicinfo/rule/pdf/2005B025.pdf	国立大学法人電気通信大学ハラスメントの防止等に関する規程
/about/basicinfo/rule/pdf/2004B035.pdf	国立大学法人電気通信大学安全衛生管理規程
/about/basicinfo/rule/pdf/2023B040.pdf	国立大学法人電気通信大学における治療と仕事の両立支援に関する規程
/about/basicinfo/rule/pdf/2016C001.pdf	国立大学法人電気通信大学心理的な負担の程度を把握するための検査実施細則
/about/basicinfo/rule/pdf/2021B070.pdf	国立大学法人電気通信大学における職員の健康情報等取扱規程
/about/basicinfo/rule/pdf/2022B091.pdf	国立大学法人電気通信大学職場復帰支援実施規程
/about/basicinfo/rule/pdf/2022B032.pdf	電気通信大学化学物質管理規程
/about/basicinfo/rule/pdf/2010C032.pdf	電気通信大学毒物及び劇物取扱細則
/about/basicinfo/rule/pdf/2021B048.pdf	電気通信大学高圧ガス製造施設危害予防規程
/about/basicinfo/rule/pdf/2022B063.pdf	電気通信大学研究用微生物等安全管理規程
/about/basicinfo/rule/pdf/2004B042.pdf	国立大学法人電気通信大学職員法定外補償規程
/about/basicinfo/rule/pdf/2012B132.pdf	国立大学法人電気通信大学職員報奨金規程
/about/basicinfo/rule/pdf/99995B055.pdf	電気通信大学職員研修所使用規程
/about/basicinfo/rule/pdf/99995B054.pdf	文部科学省共済組合電気通信大学支部における出納職員等の役職指定及び事務の範囲を定める規程
/about/basicinfo/rule/pdf/2004B027.pdf	国立大学法人電気通信大学教育研究職員の就業の特例に関する規程
/about/basicinfo/rule/pdf/2011G002.pdf	教育研究評議会が行う教育研究職員の審査手続きに関する申合せ
/about/basicinfo/rule/pdf/2009B020.pdf	国立大学法人電気通信大学教育研究職員の選考に関する規程
/about/basicinfo/rule/pdf/2009B089.pdf	国立大学法人電気通信大学学長裁量分等教育研究職員の選考に関する規程
/about/basicinfo/rule/pdf/99995E002.pdf	電気通信大学教育研究職員の採用及び昇任のための選考基準
/about/basicinfo/rule/pdf/2021C002.pdf	国立大学法人電気通信大学教育研究職員の配置に関する細則	
/about/basicinfo/rule/pdf/2004B028.pdf	国立大学法人電気通信大学教育研究職員の任期に関する規程
/about/basicinfo/rule/pdf/2016B111.pdf	国立大学法人電気通信大学クロスアポイントメント制度に関する規程
/about/basicinfo/rule/pdf/2010B085.pdf	国立大学法人電気通信大学テニュア・トラック制に関する規程
/about/basicinfo/rule/pdf/2010C020.pdf	国立大学法人電気通信大学テニュア・トラック教員のテニュア中間評価及びテニュア審査に関する細則
/about/basicinfo/rule/pdf/2012G004.pdf	テニュア・トラック准教授及びテニュア・トラック助教のテニュア中間評価及びテニュア審査に関する申合せ
/about/basicinfo/rule/pdf/99995G003.pdf	テニュア・トラック教員に関する申合せ
/about/basicinfo/rule/pdf/2011B029.pdf	国立大学法人電気通信大学教育研究技師に関する規程
/about/basicinfo/rule/pdf/2011B030.pdf	国立大学法人電気通信大学教育研究技師の選考に関する規程
/about/basicinfo/rule/pdf/2021B013.pdf	国立大学法人電気通信大学研究教育マネジメント職員に関する規程
/about/basicinfo/rule/pdf/2014B001.pdf	国立大学法人電気通信大学研究教育マネジメント職員の選考に関する規程
/about/basicinfo/rule/pdf/2005A007.pdf	国立大学法人電気通信大学特定任期付職員就業規則
/about/basicinfo/rule/pdf/2009B085.pdf	国立大学法人電気通信大学特定任期付職員の本給に関する規程
/about/basicinfo/rule/pdf/2009B082.pdf	電気通信大学特任教員に関する規程
/about/basicinfo/rule/pdf/2014B072.pdf	国立大学法人電気通信大学特任研究員及び特任研究支援員の選考のための審査に関する規程
/about/basicinfo/rule/pdf/99995G002.pdf	特任教員の研究科担当等に関する申合せ
/about/basicinfo/rule/pdf/99995G004.pdf	特任教員の人件費を当該特任教員が獲得した外部資金から支出する場合についての申合せ
/about/basicinfo/rule/pdf/2009B086.pdf	国立大学法人電気通信大学客員教授及び客員准教授に関する規程
/about/basicinfo/rule/pdf/99995B048.pdf	電気通信大学名誉教授称号授与規程
/about/basicinfo/rule/pdf/99995B049.pdf	電気通信大学特別栄誉教授称号授与規程
/about/basicinfo/rule/pdf/99995B050.pdf	電気通信大学特別客員教授称号授与規程
/about/basicinfo/rule/pdf/2012B001.pdf	電気通信大学特命教授に関する規程
/about/basicinfo/rule/pdf/2012C001.pdf	電気通信大学特命教授選考等実施細則
/about/basicinfo/rule/pdf/2006A004.pdf	国立大学法人電気通信大学再雇用職員就業規則
/about/basicinfo/rule/pdf/2004A006.pdf	国立大学法人電気通信大学非常勤職員就業規則
/about/basicinfo/rule/pdf/2004B046.pdf	国立大学法人電気通信大学非常勤職員の勤務時間、休暇等に関する規程
/about/basicinfo/rule/pdf/2005B019.pdf	国立大学法人電気通信大学非常勤職員育児休業等規程
/about/basicinfo/rule/pdf/2005B020.pdf	国立大学法人電気通信大学非常勤職員介護休業規程
/about/basicinfo/rule/pdf/2004B047.pdf	国立大学法人電気通信大学非常勤職員給与規程
/about/basicinfo/rule/pdf/2016B112.pdf	国立大学法人電気通信大学無期労働契約転換に関する規程
/about/basicinfo/rule/pdf/2022B058.pdf	国立大学法人電気通信大学非常勤職員の雇用期間の特例に関する規程
/about/basicinfo/rule/pdf/2009B077.pdf	電気通信大学非常勤講師に関する規程
/about/basicinfo/rule/pdf/2009B078.pdf	電気通信大学キャリアカウンセラーに関する規程
/about/basicinfo/rule/pdf/2009B079.pdf	電気通信大学カウンセラーに関する規程
/about/basicinfo/rule/pdf/2009B080.pdf	電気通信大学知的財産マネージャーに関する規程
/about/basicinfo/rule/pdf/2009B081.pdf	電気通信大学産学連携コーディネーターに関する規程
/about/basicinfo/rule/pdf/2021D004.pdf	電気通信大学リサーチアドミニストレーター要項
/about/basicinfo/rule/pdf/2009B083.pdf	電気通信大学UECポスドク研究員に関する規程
/about/basicinfo/rule/pdf/2009B084.pdf	電気通信大学研究支援推進員に関する規程
/about/basicinfo/rule/pdf/2009B073.pdf	電気通信大学産学官連携研究員に関する規程
/about/basicinfo/rule/pdf/2009B072.pdf	電気通信大学非常勤研究員に関する規程
/about/basicinfo/rule/pdf/2023B035.pdf	国立大学法人電気通信大学における日本学術振興会特別研究員の雇用等に関する規程
/about/basicinfo/rule/pdf/2009B070.pdf	電気通信大学ティーチング・アシスタントに関する規程
/about/basicinfo/rule/pdf/2009B071.pdf	電気通信大学リサーチ・アシスタントに関する規程
/about/basicinfo/rule/pdf/2010B123.pdf	電気通信大学スチューデント・アシスタントに関する規程
/about/basicinfo/rule/pdf/2015C012.pdf	電気通信大学学生メンター制度実施細則
/about/basicinfo/rule/pdf/2009B074.pdf	電気通信大学科学研究費補助金研究支援者に関する規程
/about/basicinfo/rule/pdf/2004B024.pdf	国立大学法人電気通信大学役員報酬規程
/about/basicinfo/rule/pdf/2004B025.pdf	国立大学法人電気通信大学役員退職慰労金規程
/about/basicinfo/rule/pdf/2005B002.pdf	国立大学法人電気通信大学役員傷害保険規程
/about/basicinfo/rule/pdf/2023B001.pdf	国立大学法人電気通信大学の役員から職員への採用に関する規程
/about/basicinfo/rule/pdf/2004A015.pdf	国立大学法人電気通信大学会計規則
/about/basicinfo/rule/pdf/2004B056.pdf	国立大学法人電気通信大学会計事務取扱規程
/about/basicinfo/rule/pdf/2010C038.pdf	国立大学法人電気通信大学会計責任者の決裁権限の委任に関する細則
/about/basicinfo/rule/pdf/2004D011.pdf	国立大学法人電気通信大学債権管理事務取扱要項
/about/basicinfo/rule/pdf/2020B055.pdf	国立大学法人電気通信大学資金管理規程
/about/basicinfo/rule/pdf/2020C016.pdf	国立大学法人電気通信大学余裕金運用細則
/about/basicinfo/rule/pdf/2020D014.pdf	電気通信大学資金運用管理委員会要項	
/about/basicinfo/rule/pdf/2004D013.pdf	国立大学法人電気通信大学金庫管守要項
/about/basicinfo/rule/pdf/2004D014.pdf	国立大学法人電気通信大学役員及び職員に対する給与の口座振込実施要項
/about/basicinfo/rule/pdf/2010C037.pdf	国立大学法人電気通信大学の勘定科目の設定に関する細則
/about/basicinfo/rule/pdf/2004B057.pdf	国立大学法人電気通信大学契約事務取扱規程
/about/basicinfo/rule/pdf/99996E001.pdf	国立大学法人電気通信大学が締結する随意契約の公表に関する基準
/about/basicinfo/rule/pdf/2004B058.pdf	国立大学法人電気通信大学政府調達事務取扱規程
/about/basicinfo/rule/pdf/2004C016.pdf	国立大学法人電気通信大学における大型設備の調達に関する取扱細則
/about/basicinfo/rule/pdf/2010D022.pdf	国立大学法人電気通信大学における物品購入等契約に係る取引停止等の取扱要項
/about/basicinfo/rule/pdf/2010D023.pdf	国立大学法人電気通信大学建設工事競争契約参加資格審査要項
/about/basicinfo/rule/pdf/2004B059.pdf	国立大学法人電気通信大学会計責任者等任免取扱規程
/about/basicinfo/rule/pdf/2004B060.pdf	国立大学法人電気通信大学資産管理規程
/about/basicinfo/rule/pdf/2004C017.pdf	国立大学法人電気通信大学物品管理細則
/about/basicinfo/rule/pdf/2016D020.pdf	国立大学法人電気通信大学換金性の高い消耗品に関する取扱要項
/about/basicinfo/rule/pdf/2004C018.pdf	国立大学法人電気通信大学図書管理細則
/about/basicinfo/rule/pdf/2015D003.pdf	国立大学法人電気通信大学蔵書点検要項
/about/basicinfo/rule/pdf/99996E003.pdf	電気通信大学附属図書館図書の不用決定基準
/about/basicinfo/rule/pdf/2005D003.pdf	国立大学法人電気通信大学たな卸資産取扱要項
/about/basicinfo/rule/pdf/2021D005.pdf	国立大学法人電気通信大学監視カメラ設置・運用要項	
/about/basicinfo/rule/pdf/99996D006.pdf	電気通信大学防災業務要項
/about/basicinfo/rule/pdf/99996B006.pdf	電気通信大学防火・防災管理規程
/about/basicinfo/rule/pdf/2004B066.pdf	国立大学法人電気通信大学宿舎管理規程
/about/basicinfo/rule/pdf/2004C020.pdf	国立大学法人電気通信大学不動産管理細則
/about/basicinfo/rule/pdf/2004C021.pdf	国立大学法人電気通信大学施設等使用細則
/about/basicinfo/rule/pdf/2004B061.pdf	国立大学法人電気通信大学旅費規程
/about/basicinfo/rule/pdf/2004C019.pdf	国立大学法人電気通信大学旅費細則
/about/basicinfo/rule/pdf/2014C030.pdf	国立大学法人電気通信大学日額旅費細則
/about/basicinfo/rule/pdf/2014C031.pdf	国立大学法人電気通信大学非常勤講師等の旅費細則
/about/basicinfo/rule/pdf/2004D015.pdf	国立大学法人電気通信大学旅費取扱要項
/about/basicinfo/rule/pdf/99996G002.pdf	国立大学法人電気通信大学光特別枠留学生に関する申合せ
/about/basicinfo/rule/pdf/2004D016.pdf	国立大学法人電気通信大学科学研究費補助金等取扱要項
/about/basicinfo/rule/pdf/99996D009.pdf	国立大学法人電気通信大学運営費交付金債務及び授業料債務の収益化等に関する要項
/about/basicinfo/rule/pdf/2007E002.pdf	国立大学法人電気通信大学における競争契約の公表に関する基準
/about/basicinfo/rule/pdf/99996B009.pdf	国立大学法人電気通信大学授業料等徴収規程
/about/basicinfo/rule/pdf/2007B002.pdf	電気通信大学における公的研究費の不正防止の組織体制及び調査の手続き等に関する取扱規程
/about/basicinfo/rule/pdf/99997B001.pdf	電気通信大学電気工作物保安規程
/about/basicinfo/rule/pdf/99997D001.pdf	電気通信大学薬品庫管理要項
/about/basicinfo/rule/pdf/99998B001.pdf	電気通信大学寄附講座及び寄附研究部門に関する規程
/about/basicinfo/rule/pdf/2018B059.pdf	電気通信大学共同研究講座に関する規程
/about/basicinfo/rule/pdf/2007B008.pdf	電気通信大学受託研修員受入規程
/about/basicinfo/rule/pdf/99998B003.pdf	電気通信大学外国人受託研修員受入規程
/about/basicinfo/rule/pdf/99998B004.pdf	電気通信大学受託研究員受入規程
/about/basicinfo/rule/pdf/99998B005.pdf	電気通信大学客員研究員等受入規程
/about/basicinfo/rule/pdf/2007B009.pdf	電気通信大学受託研究取扱規程
/about/basicinfo/rule/pdf/99998B007.pdf	電気通信大学と民間等との共同研究規程
/about/basicinfo/rule/pdf/2011B016.pdf	電気通信大学学術相談取扱規程
/about/basicinfo/rule/pdf/2021B029.pdf	電気通信大学マテリアル先端リサーチインフラ事業規程	
/about/basicinfo/rule/pdf/2004B075.pdf	国立大学法人電気通信大学奨学寄附金取扱規程
/about/basicinfo/rule/pdf/2016B008.pdf	国立大学法人電気通信大学協賛金取扱規程
/about/basicinfo/rule/pdf/99998B010.pdf	電気通信大学における研究施設の有効活用に関する規程
/about/basicinfo/rule/pdf/2009C010.pdf	電気通信大学オープンラボの有効活用に関する細則
/about/basicinfo/rule/pdf/99998D001.pdf	電気通信大学特別研究室設置要項
/about/basicinfo/rule/pdf/99998D002.pdf	電気通信大学研究ステーション設置要項
/about/basicinfo/rule/pdf/99998H003.pdf	電気通信大学研究ステーション設置要項に関する細目
/about/basicinfo/rule/pdf/2016C032.pdf	電気通信大学100周年キャンパス共同研究施設使用細則
/about/basicinfo/rule/pdf/2016C033.pdf	電気通信大学100周年キャンパス集会室使用細則
/about/basicinfo/rule/pdf/2016C034.pdf	電気通信大学100周年キャンパス展示・交流スペース使用細則
/about/basicinfo/rule/pdf/2004B045.pdf	国立大学法人電気通信大学職員の職務発明等に関する規程
/about/basicinfo/rule/pdf/2004C015.pdf	国立大学法人電気通信大学発明補償等に関する細則
/about/basicinfo/rule/pdf/2011B068.pdf	国立大学法人電気通信大学著作物取扱規程
/about/basicinfo/rule/pdf/2011C023.pdf	国立大学法人電気通信大学著作物活用に対する補償金細則
/about/basicinfo/rule/pdf/2006B078.pdf	電気通信大学研究開発成果有体物取扱規程
/about/basicinfo/rule/pdf/2009D012.pdf	国立大学法人電気通信大学若手教員海外研究派遣制度実施要項
/about/basicinfo/rule/pdf/99998B009.pdf	電気通信大学遺伝子組換え実験安全管理規程
/about/basicinfo/rule/pdf/2011B050.pdf	電気通信大学動物実験等規程
/about/basicinfo/rule/pdf/99998B019.pdf	電気通信大学放射線障害予防規程
/about/basicinfo/rule/pdf/2021B047.pdf	電気通信大学エックス線障害防止管理規程
/about/basicinfo/rule/pdf/2006B077.pdf	電気通信大学における研究活動に係る不正行為の防止等に関する規程
/about/basicinfo/rule/pdf/2010B113.pdf	国立大学法人電気通信大学安全保障輸出管理規程
/about/basicinfo/rule/pdf/99998B013.pdf	電気通信大学における人を対象とする研究に関する倫理規程
/about/basicinfo/rule/pdf/2023B037.pdf	電気通信大学軍事研究及び軍事的安全保障研究に関する規程
/about/basicinfo/rule/pdf/2023D001.pdf	電気通信大学バイアウト制度実施要項
/about/basicinfo/rule/pdf/2023B036.pdf	電気通信大学UECプライム規程
/about/basicinfo/rule/pdf/99998H004.pdf	定年又は雇用期間を超えて本学の施設等の利用を前提として外部資金等を申請する場合の取扱いについて
/about/basicinfo/rule/pdf/2015B032.pdf	電気通信大学情報理工学域履修規程（PDF：1.7MB）</a></li>
/about/basicinfo/rule/pdf/2009B048.pdf	電気通信大学情報理工学部履修規程（PDF：1.4MB）</a></li>
/about/basicinfo/rule/pdf/2015B033.pdf	電気通信大学情報理工学域再入学に関する規程
/about/basicinfo/rule/pdf/2009B049.pdf	電気通信大学大学院情報理工学研究科履修規程
/about/basicinfo/rule/pdf/2014B051.pdf	電気通信大学大学院情報理工学研究科再入学に関する規程
/about/basicinfo/rule/pdf/99999B005.pdf	電気通信大学大学院情報システム学研究科履修規程
/about/basicinfo/rule/pdf/99999B006.pdf	電気通信大学学位規程
/about/basicinfo/rule/pdf/2009D011.pdf	電気通信大学大学院情報理工学研究科学位審査要項
/about/basicinfo/rule/pdf/99999D003.pdf	電気通信大学大学院情報システム学研究科学位審査要項
/about/basicinfo/rule/pdf/2014B053.pdf	電気通信大学休学、復学、退学及び除籍に関する規程
/about/basicinfo/rule/pdf/99999B007.pdf	電気通信大学長期履修規程
/about/basicinfo/rule/pdf/99999B008.pdf	電気通信大学研究生規程
/about/basicinfo/rule/pdf/99999B009.pdf	電気通信大学特別研究学生規程
/about/basicinfo/rule/pdf/99999B010.pdf	電気通信大学派遣学生及び特別聴講学生規程
/about/basicinfo/rule/pdf/99999B011.pdf	電気通信大学科目等履修生規程
/about/basicinfo/rule/pdf/2015B010.pdf	電気通信大学短期海外交流学生規程
/about/basicinfo/rule/pdf/2019B031.pdf	電気通信大学履修証明プログラム規程
/about/basicinfo/rule/pdf/2019C008.pdf	電気通信大学における履修証明プログラムに係る受講料細則
/about/basicinfo/rule/pdf/2021B030.pdf	電気通信大学寄附講義規程
/about/basicinfo/rule/pdf/2007B007.pdf	電気通信大学ファカルティ・ディベロップメント推進規程
/about/basicinfo/rule/pdf/2019B032.pdf	電気通信大学アカデミックアドバイザーに関する規程
/about/basicinfo/rule/pdf/2021D001.pdf	電気通信大学における国費外国人留学生の優先配置を行う特別プログラム実施要項
/about/basicinfo/rule/pdf/2021B033.pdf	電気通信大学次世代研究者挑戦的研究プログラム事業規程
/about/basicinfo/rule/pdf/2021D013.pdf	電気通信大学における学生の通称名の使用に関する要項
/about/basicinfo/rule/pdf/2022B019.pdf	電気通信大学における連携大学院教育等に関する規程
/about/basicinfo/rule/pdf/999910B001.pdf	電気通信大学助言教員制度規程
/about/basicinfo/rule/pdf/999910B002.pdf	電気通信大学学生支援担任規程
/about/basicinfo/rule/pdf/999910B003.pdf	電気通信大学入学料、授業料、寄宿料免除及び徴収猶予規程
/about/basicinfo/rule/pdf/2019D005.pdf	令和2年改正電気通信大学入学料、授業料、寄宿料免除及び徴収猶予規程附則第2項に基づく経過措置に関する要項
/about/basicinfo/rule/pdf/2004B088.pdf	電気通信大学大学院第一種奨学金返還免除候補者選考規程
/about/basicinfo/rule/pdf/999910E001.pdf	電気通信大学大学院第一種奨学金返還免除候補者及び内定候補者選考基準
/about/basicinfo/rule/pdf/2019B023.pdf	電気通信大学UEC成績優秀者特待生制度規程
/about/basicinfo/rule/pdf/2019B024.pdf	電気通信大学UEC学域奨学金規程
/about/basicinfo/rule/pdf/2017B002.pdf	電気通信大学大学院博士後期課程奨学金規程
/about/basicinfo/rule/pdf/2017B003.pdf	電気通信大学大学院博士前期課程奨学金規程
/about/basicinfo/rule/pdf/2014C018.pdf	電気通信大学入学料・授業料未払いによる除籍に関する細則
/about/basicinfo/rule/pdf/999910B006.pdf	電気通信大学学生表彰規程
/about/basicinfo/rule/pdf/999910C001.pdf	電気通信大学学生表彰実施細則
/about/basicinfo/rule/pdf/2011B071.pdf	電気通信大学学生の懲戒に関する規程
/about/basicinfo/rule/pdf/2011H004.pdf	学生の懲戒に関する指針
/about/basicinfo/rule/pdf/2017C001.pdf	電気通信大学学生の懲戒処分による退学等の手続に関する細則
/about/basicinfo/rule/pdf/2004D024.pdf	電気通信大学遺失物取扱要項
/about/basicinfo/rule/pdf/2004D025.pdf	電気通信大学学生掲示等取扱要項
/about/basicinfo/rule/pdf/2004D026.pdf	電気通信大学課外活動団体に関する要項
/about/basicinfo/rule/pdf/999910B007.pdf	電気通信大学学生寮運営規程
/about/basicinfo/rule/pdf/2016C002.pdf	電気通信大学100周年キャンパス学生宿舎使用細則
/about/basicinfo/rule/pdf/999910B008.pdf	電気通信大学大学会館運営規程
/about/basicinfo/rule/pdf/999910B009.pdf	電気通信大学体育施設運営規程
/about/basicinfo/rule/pdf/999910B010.pdf	電気通信大学課外活動共用施設運営規程
/about/basicinfo/rule/pdf/999910B011.pdf	電気通信大学浜見寮運営規程
/about/basicinfo/rule/pdf/999910B012.pdf	電気通信大学菅平宇宙電波観測所宿泊施設運営規程
/about/basicinfo/rule/pdf/2004D019.pdf	電気通信大学学生準則
/about/basicinfo/rule/pdf/2016D005.pdf	国立大学法人電気通信大学国民年金保険料学生納付特例の申請に関する事務取扱要項
/about/basicinfo/rule/pdf/2016B114.pdf	電気通信大学学生等海外派遣事業の実施に関する規程
/about/basicinfo/rule/pdf/2015B025.pdf	電気通信大学情報理工学域教授会規程
/about/basicinfo/rule/pdf/2015C010.pdf	電気通信大学情報理工学域教授会細則
/about/basicinfo/rule/pdf/2015B026.pdf	電気通信大学情報理工学域代議員会規程
/about/basicinfo/rule/pdf/2016B038.pdf	電気通信大学情報理工学域長選考規程
/about/basicinfo/rule/pdf/2016F001.pdf	電気通信大学情報理工学域長候補者選考実施内規
/about/basicinfo/rule/pdf/2015B027.pdf	電気通信大学情報理工学域副学域長に関する規程
/about/basicinfo/rule/pdf/2015B028.pdf	電気通信大学情報理工学域類長及び先端工学基礎課程長等に関する規程
/about/basicinfo/rule/pdf/2015B029.pdf	電気通信大学情報理工学域予算委員会規程
/about/basicinfo/rule/pdf/2015B030.pdf	電気通信大学情報理工学域教育委員会規程
/about/basicinfo/rule/pdf/2015B031.pdf	電気通信大学情報理工学域入学試験委員会規程
/about/basicinfo/rule/pdf/2009B038.pdf	電気通信大学共通教育部長等に関する規程
/about/basicinfo/rule/pdf/2009B037.pdf	電気通信大学共通教育部会議規程
/about/basicinfo/rule/pdf/2009B035.pdf	電気通信大学情報理工学部教授会規程
/about/basicinfo/rule/pdf/2009B040.pdf	電気通信大学情報理工学部教育委員会規程
/about/basicinfo/rule/pdf/9999111B008.pdf	電気通信大学電気通信学部教授会規程
/about/basicinfo/rule/pdf/2004B094.pdf	電気通信大学電気通信学部教育委員会規程
/about/basicinfo/rule/pdf/2009B042.pdf	電気通信大学大学院情報理工学研究科教授会規程
/about/basicinfo/rule/pdf/2009C009.pdf	電気通信大学大学院情報理工学研究科教授会細則
/about/basicinfo/rule/pdf/2009B043.pdf	電気通信大学大学院情報理工学研究科代議員会規程
/about/basicinfo/rule/pdf/2010B106.pdf	電気通信大学大学院情報理工学研究科長選考規程
/about/basicinfo/rule/pdf/2016F002.pdf	電気通信大学大学院情報理工学研究科長候補者選考実施内規
/about/basicinfo/rule/pdf/2010B108.pdf	電気通信大学大学院情報理工学研究科副研究科長に関する規程
/about/basicinfo/rule/pdf/2010B107.pdf	電気通信大学大学院情報理工学研究科評議員選考規程
/about/basicinfo/rule/pdf/9999112H001.pdf	電気通信大学大学院情報理工学研究科評議員候補者選出に関する申合せ
/about/basicinfo/rule/pdf/2009B044.pdf	電気通信大学大学院情報理工学研究科専攻長等に関する規程
/about/basicinfo/rule/pdf/2009B047.pdf	電気通信大学大学院情報理工学研究科予算委員会規程
/about/basicinfo/rule/pdf/2009B045.pdf	電気通信大学大学院情報理工学研究科教育委員会規程
/about/basicinfo/rule/pdf/2009B046.pdf	電気通信大学大学院情報理工学研究科入学試験委員会規程
/about/basicinfo/rule/pdf/2016B044.pdf	電気通信大学大学院情報理工学研究科連携教育部規程
/about/basicinfo/rule/pdf/9999112F001.pdf	電気通信大学大学院情報理工学研究科担当教員資格審査内規
/about/basicinfo/rule/pdf/2014G002.pdf	電気通信大学大学院情報理工学研究科担当教員資格審査における教育研究業績判定基準等の申合せ
/about/basicinfo/rule/pdf/2015B019.pdf	平成28年4月就任予定の電気通信大学大学院情報理工学研究科長等の選考等における特例に関する規程
/about/basicinfo/rule/pdf/2018B062.pdf	東京外国語大学大学院総合国際学研究科・東京農工大学大学院工学府・電気通信大学大学院情報理工学研究科共同サステイナビリティ研究専攻連絡協議会規程
/about/basicinfo/rule/pdf/2018B063.pdf	東京外国語大学大学院総合国際学研究科・東京農工大学大学院工学府・電気通信大学大学院情報理工学研究科共同サステイナビリティ研究専攻会議規程
/about/basicinfo/rule/pdf/9999112B013.pdf	電気通信大学大学院情報システム学研究科教授会規程
/about/basicinfo/rule/pdf/9999112B014.pdf	電気通信大学大学院情報システム学研究科長選考規程
/about/basicinfo/rule/pdf/9999112B015.pdf	電気通信大学大学院情報システム学研究科副研究科長選考規程
/about/basicinfo/rule/pdf/9999112G002.pdf	電気通信大学大学院情報システム学研究科長選考規程に関する申合せ
/about/basicinfo/rule/pdf/9999112B016.pdf	電気通信大学大学院情報システム学研究科専攻長に関する規程
/about/basicinfo/rule/pdf/9999112F002.pdf	電気通信大学大学院情報システム学研究科専攻主任会議内規
/about/basicinfo/rule/pdf/9999112F003.pdf	電気通信大学大学院情報システム学研究科専攻会議内規
/about/basicinfo/rule/pdf/9999112G003.pdf	電気通信大学大学院情報システム学研究科担当教員資格審査に関する申合せ
/about/basicinfo/rule/pdf/9999112B017.pdf	電気通信大学大学院情報システム学研究科教務委員会規程
/about/basicinfo/rule/pdf/9999112B007.pdf	電気通信大学大学院電気通信学研究科委員会規程
/about/basicinfo/rule/pdf/9999112B008.pdf	電気通信大学大学院電気通信学研究科教育委員会規程
/about/basicinfo/rule/pdf/2021B061.pdf	電気通信大学共創進化スマート社会実現推進機構規程
/about/basicinfo/rule/pdf/9999113B009.pdf	電気通信大学レーザー新世代研究センター規程
/about/basicinfo/rule/pdf/9999113B010.pdf	電気通信大学レーザー新世代研究センター運営委員会規程
/about/basicinfo/rule/pdf/9999113C001.pdf	電気通信大学レーザー新世代研究センター共同研究員取扱細則
/about/basicinfo/rule/pdf/99991110B004.pdf	電気通信大学先端ワイヤレス・コミュニケーション研究センター規程
/about/basicinfo/rule/pdf/99991110B005.pdf	電気通信大学先端ワイヤレス・コミュニケーション研究センター運営委員会規程
/about/basicinfo/rule/pdf/2010B092.pdf	電気通信大学宇宙・電磁環境研究センター規程
/about/basicinfo/rule/pdf/2010B093.pdf	電気通信大学宇宙・電磁環境研究センター運営委員会規程
/about/basicinfo/rule/pdf/2012B136.pdf	電気通信大学脳・医工学研究センター規程
/about/basicinfo/rule/pdf/2012B137.pdf	電気通信大学脳・医工学研究センター運営委員会規程
/about/basicinfo/rule/pdf/2014B022.pdf	電気通信大学i‐パワードエネルギー・システム研究センター規程
/about/basicinfo/rule/pdf/2014B023.pdf	電気通信大学i‐パワードエネルギー・システム研究センター運営委員会規程
/about/basicinfo/rule/pdf/2014B087.pdf	電気通信大学量子科学研究センター規程
/about/basicinfo/rule/pdf/2014B088.pdf	電気通信大学量子科学研究センター運営委員会規程
/about/basicinfo/rule/pdf/2016B009.pdf	電気通信大学人工知能先端研究センター規程
/about/basicinfo/rule/pdf/2016B010.pdf	電気通信大学人工知能先端研究センター運営委員会規程
/about/basicinfo/rule/pdf/2016B100.pdf	電気通信大学ナノトライボロジー研究センター規程
/about/basicinfo/rule/pdf/2016B101.pdf	電気通信大学ナノトライボロジー研究センター運営委員会規程
/about/basicinfo/rule/pdf/2022B022.pdf	電気通信大学国際社会実装センター規程
/about/basicinfo/rule/pdf/2022B062.pdf	電気通信大学メタネットワーキング研究センター規程
/about/basicinfo/rule/pdf/2009B021.pdf	電気通信大学における競争的資金等による教育研究センター設置に関する規程
/about/basicinfo/rule/pdf/2009C006.pdf	電気通信大学における競争的資金等による教育研究センター設置に関する手続細則
/about/basicinfo/rule/pdf/2013B084.pdf	電気通信大学スーパー連携大学院推進室規程
/about/basicinfo/rule/pdf/2013C021.pdf	電気通信大学スーパー連携大学院教育プログラム運営委員会細則
/about/basicinfo/rule/pdf/2013B023.pdf	電気通信大学グローバル化教育機構規程
/about/basicinfo/rule/pdf/2013B024.pdf	電気通信大学実践的コミュニケーション教育推進室規程
/about/basicinfo/rule/pdf/2013B025.pdf	電気通信大学IT活用国際ものづくり教育推進室規程
/about/basicinfo/rule/pdf/2013B026.pdf	電気通信大学国際PBL教育推進室規程
/about/basicinfo/rule/pdf/9999116B001.pdf	電気通信大学附属図書館規程
/about/basicinfo/rule/pdf/9999116B002.pdf	電気通信大学図書館委員会規程
/about/basicinfo/rule/pdf/2004B106.pdf	電気通信大学附属図書館利用規程
/about/basicinfo/rule/pdf/9999116B004.pdf	電気通信大学文献複写規程
/about/basicinfo/rule/pdf/2019B007.pdf	電気通信大学附属図書館UEC　Ambient　Intelligence　Agora運営委員会規程
/about/basicinfo/rule/pdf/2019D001.pdf	電気通信大学附属図書館UEC　Ambient　Intelligence　Agora施設・設備利用要項
/about/basicinfo/rule/pdf/2019D002.pdf	電気通信大学附属図書館UEC　Ambient　Intelligence　Agoraセンシングシステム運用要項
/about/basicinfo/rule/pdf/2019D003.pdf	電気通信大学附属図書館UEC　Ambient　Intelligence　Agoraデータ利用要項
/about/basicinfo/rule/pdf/9999117B001.pdf	電気通信大学保健管理センター規程
/about/basicinfo/rule/pdf/9999117B002.pdf	電気通信大学保健管理センター運営委員会規程
/about/basicinfo/rule/pdf/2020B054.pdf	電気通信大学保健管理センター・学生支援センター連絡会議規程
/about/basicinfo/rule/pdf/2020D013.pdf	電気通信大学保健管理センター・学生支援センター連絡会議学生支援専門スタッフ連絡会要項
/about/basicinfo/rule/pdf/2009B022.pdf	電気通信大学全学教育・学生支援機構規程
/about/basicinfo/rule/pdf/2009B024.pdf	電気通信大学大学教育センター規程
/about/basicinfo/rule/pdf/2009B025.pdf	電気通信大学大学教育センター企画開発会議規程
/about/basicinfo/rule/pdf/2004B135.pdf	電気通信大学学生支援センター規程
/about/basicinfo/rule/pdf/2010D025.pdf	学生の事件・事故等防止専門部会設置要項
/about/basicinfo/rule/pdf/2010D026.pdf	修学支援奨学金専門部会設置要項
/about/basicinfo/rule/pdf/2015D001.pdf	障害学生支援専門部会設置要項
/about/basicinfo/rule/pdf/2009B028.pdf	電気通信大学アドミッションセンター規程
/about/basicinfo/rule/pdf/2009B029.pdf	電気通信大学アドミッションセンター会議規程
/about/basicinfo/rule/pdf/2022B026.pdf	電気通信大学キャリア支援センター規程
/about/basicinfo/rule/pdf/2005B008.pdf	電気通信大学情報基盤センター規程
/about/basicinfo/rule/pdf/2005B010.pdf	電気通信大学情報基盤センター運営委員会規程
/about/basicinfo/rule/pdf/2005F003.pdf	電気通信大学情報基盤センター教育研究設備利用内規
/about/basicinfo/rule/pdf/2009B030.pdf	電気通信大学実験実習支援センター規程
/about/basicinfo/rule/pdf/2009B031.pdf	電気通信大学実験実習支援センター運営委員会規程
/about/basicinfo/rule/pdf/2009B032.pdf	電気通信大学ものつくりセンター規程
/about/basicinfo/rule/pdf/2009B033.pdf	電気通信大学ものつくりセンター運営委員会規程
/about/basicinfo/rule/pdf/2004B131.pdf	電気通信大学eラーニングセンター規程
/about/basicinfo/rule/pdf/2004B122.pdf	電気通信大学国際教育センター規程
/about/basicinfo/rule/pdf/2004B123.pdf	電気通信大学国際教育センター運営委員会規程
/about/basicinfo/rule/pdf/2004D035.pdf	電気通信大学国際教育センター学部入学前予備教育コース要項
/about/basicinfo/rule/pdf/2004D036.pdf	電気通信大学国際教育センター日本語研修コース要項
/about/basicinfo/rule/pdf/2004D037.pdf	電気通信大学国際教育センター短期留学プログラム要項
/about/basicinfo/rule/pdf/2004D038.pdf	電気通信大学国際教育センター短期留学プログラム履修要項
/about/basicinfo/rule/pdf/99991111B013.pdf	電気通信大学研究設備センター規程
/about/basicinfo/rule/pdf/99991111B014.pdf	電気通信大学研究設備センター運営委員会規程
/about/basicinfo/rule/pdf/2012B115.pdf	電気通信大学研究設備センターにおける外部からの依頼測定等の実施に関する規程
/about/basicinfo/rule/pdf/9999119B007.pdf	電気通信大学産学官連携センター規程
/about/basicinfo/rule/pdf/2018B060.pdf	電気通信大学産学官連携センターエクステンション推進支援室規程
/about/basicinfo/rule/pdf/9999119B008.pdf	電気通信大学産学官連携センター運営委員会規程
/about/basicinfo/rule/pdf/2009B087.pdf	電気通信大学産学官連携センター知的財産評価委員会規程
/about/basicinfo/rule/pdf/2011H003.pdf	電気通信大学産学官連携センター「ギガビット研究会」規約　
/about/basicinfo/rule/pdf/2011G003.pdf	電気通信大学発ベンチャー認定に関する申合せ
/about/basicinfo/rule/pdf/99991111B018.pdf	電気通信大学社会連携センター規程
/about/basicinfo/rule/pdf/99991111B019.pdf	電気通信大学社会連携センター運営委員会規程
/about/basicinfo/rule/pdf/2014B005.pdf	電気通信大学社会連携センターに置く室に係る規程
/about/basicinfo/rule/pdf/2008B009.pdf	電気通信大学広報センター規程
/about/basicinfo/rule/pdf/99991111B021.pdf	電気通信大学広報センター運営委員会規程
/about/basicinfo/rule/pdf/2014B008.pdf	電気通信大学UEC深セン教育研究支援センター運営委員会規程
/about/basicinfo/rule/pdf/2013B032.pdf	電気通信大学UEC　ASEAN教育研究支援センター規程
/about/basicinfo/rule/pdf/2014B009.pdf	電気通信大学UEC　ASEAN教育研究支援センター運営委員会規程
/about/basicinfo/rule/pdf/2016C005.pdf	電気通信大学UEC　ASEAN教育研究支援センター技術相談室細則
/about/basicinfo/rule/pdf/2017B009.pdf	電気通信大学UEC中国教育研究支援センター規程
/about/basicinfo/rule/pdf/2017B010.pdf	電気通信大学UEC中国教育研究支援センター運営委員会規程
/about/basicinfo/rule/pdf/2022B048.pdf	電気通信大学データ教育センター規程
/about/basicinfo/rule/pdf/99991111B023.pdf	電気通信大学UECコミュニケーションミュージアム規程
/about/basicinfo/rule/pdf/99991111B024.pdf	電気通信大学UECコミュニケーションミュージアム運営委員会規程
/about/basicinfo/rule/pdf/2016B115.pdf	電気通信大学UECコミュニケーションミュージアム学術調査員規程
/about/basicinfo/rule/pdf/99991111B025.pdf	電気通信大学国際交流会館規程
/about/basicinfo/rule/pdf/99991111B026.pdf	電気通信大学創立80周年記念会館規程
/about/basicinfo/rule/pdf/2010B117.pdf	電気通信大学西11号館（イノベーティブ研究棟）の管理運営に関する規程
/about/basicinfo/rule/pdf/2010C028.pdf	電気通信大学西11号館（イノベーティブ研究棟）インキュベーション施設管理運営細則
/about/basicinfo/rule/pdf/2010D020.pdf	電気通信大学西11号館（イノベーティブ研究棟）インキュベーション施設使用料等徴収要項
